Bnum,Object_ID
b4053,EG10001
b0764,EG10002
b2413,EG10003
b3639,EG10004
b4123,EG10006
b2307,EG10007
b4003,EG10008
b1456,EG10010
b0006,EG10011
b0886,EG10012
b1856,EG10013
b2470,EG10014
b2516,EG10015
b3126,EG10016
b3187,EG10017
b3252,EG10018
b3912,EG10020
b4352,EG10021
b4015,EG10022
b4014,EG10023
b0114,EG10024
b0115,EG10025
b4016,EG10026
b2296,EG10027
b0902,EG10028
b2213,EG10029
b1623,EG10030
b1241,EG10031
b0474,EG10032
b1002,EG10033
b2697,EG10034
b1415,EG10035
b1300,EG10036
b2212,EG10037
b1982,EG10039
b4150,EG10040
b0110,EG10041
b0111,EG10042
b4214,EG10043
b1739,EG10044
b1767,EG10045
b2957,EG10046
b0050,EG10047
b0049,EG10048
b0980,EG10049
b0564,EG10050
b0469,EG10051
b0062,EG10052
b0063,EG10053
b0064,EG10054
b0061,EG10055
b2841,EG10056
b1901,EG10057
b1900,EG10058
b4460,EG10059
b0396,EG10060
b4401,EG10061
b3210,EG10062
b2818,EG10063
b3959,EG10064
b3958,EG10065
b3359,EG10066
b0273,EG10067
b3172,EG10068
b4254,EG10069
b3237,EG10070
b1876,EG10071
b2310,EG10072
b0908,EG10073
b3389,EG10074
b2329,EG10075
b1693,EG10076
b3281,EG10077
b2601,EG10078
b0754,EG10079
b1704,EG10080
b3390,EG10081
b0388,EG10082
b0390,EG10083
b0112,EG10084
b2716,EG10085
b2715,EG10086
b2714,EG10087
b3433,EG10088
b3801,EG10089
b3800,EG10090
b3744,EG10091
b0674,EG10092
b3743,EG10093
b0930,EG10094
b4139,EG10095
b0928,EG10096
b1866,EG10097
b3734,EG10098
b3738,EG10099
b3731,EG10100
b3732,EG10101
b3737,EG10102
b3736,EG10103
b3733,EG10104
b3735,EG10105
b3739,EG10106
b3572,EG10107
b2480,EG10108
b0311,EG10109
b0312,EG10110
b0313,EG10111
b0314,EG10112
b3336,EG10113
b3721,EG10114
b3722,EG10115
b3723,EG10116
b0774,EG10117
b0775,EG10118
b0777,EG10119
b0778,EG10120
b0776,EG10121
b3412,EG10122
b3973,EG10123
b3551,EG10124
b0435,EG10125
b3966,EG10126
b1711,EG10127
b1709,EG10128
b1710,EG10129
b1270,EG10130
b4131,EG10131
b4132,EG10132
b4133,EG10133
b0032,EG10134
b0033,EG10135
b3056,EG10136
b2143,EG10137
b3918,EG10138
b0175,EG10139
b1738,EG10140
b1737,EG10141
b1736,EG10142
b1735,EG10143
b1734,EG10144
b4400,EG10145
b1888,EG10146
b1883,EG10147
b1884,EG10148
b1887,EG10149
b1882,EG10150
b1881,EG10151
b0765,EG10152
b0827,EG10153
b0826,EG10154
b2155,EG10155
b0882,EG10156
b2592,EG10157
b0437,EG10158
b0438,EG10159
b4213,EG10160
b2049,EG10161
b2048,EG10162
b3911,EG10163
b3357,EG10164
b2417,EG10165
b3556,EG10166
b0598,EG10167
b0657,EG10168
b2313,EG10169
b3806,EG10170
b1418,EG10172
b0733,EG10173
b0734,EG10174
b0340,EG10175
b0339,EG10176
b0341,EG10177
b0432,EG10178
b0431,EG10179
b0430,EG10180
b0429,EG10181
b0428,EG10182
b2422,EG10183
b1275,EG10184
b2750,EG10185
b2752,EG10186
b3607,EG10187
b3368,EG10188
b2762,EG10189
b2763,EG10190
b2764,EG10191
b2414,EG10192
b2421,EG10193
b2751,EG10194
b2425,EG10195
b0526,EG10196
b2424,EG10197
b2423,EG10198
b3934,EG10200
b0632,EG10201
b3182,EG10202
b0839,EG10203
b3387,EG10204
b2478,EG10205
b0031,EG10206
b0166,EG10207
b2472,EG10208
b3809,EG10209
b1343,EG10210
b1961,EG10211
b1538,EG10212
b0381,EG10213
b0092,EG10214
b3162,EG10215
b2317,EG10216
b2316,EG10217
b2314,EG10218
b4382,EG10219
b4383,EG10220
b4381,EG10221
b4384,EG10222
b0840,EG10223
b4042,EG10224
b0160,EG10225
b1570,EG10226
b1575,EG10227
b1569,EG10228
b2321,EG10229
b0145,EG10230
b2133,EG10231
b0894,EG10232
b0895,EG10233
b0896,EG10234
b3702,EG10235
b4052,EG10236
b4361,EG10237
b0184,EG10238
b3066,EG10239
b0015,EG10240
b0014,EG10241
b3701,EG10242
b0215,EG10243
b4362,EG10244
b0470,EG10245
b0211,EG10246
b2563,EG10247
b3544,EG10248
b2366,EG10249
b2365,EG10250
b3640,EG10251
b3076,EG10252
b3077,EG10253
b3075,EG10254
b2209,EG10255
b1850,EG10256
b1851,EG10257
b2779,EG10258
b0596,EG10259
b0595,EG10260
b0593,EG10261
b0583,EG10262
b0594,EG10263
b0586,EG10264
b0096,EG10265
b3265,EG10266
b3266,EG10267
b0566,EG10268
b3404,EG10269
b2566,EG10270
b3006,EG10271
b3005,EG10272
b0954,EG10273
b2323,EG10274
b3255,EG10275
b3256,EG10276
b1091,EG10277
b3845,EG10278
b3846,EG10279
b2344,EG10280
b1187,EG10281
b2925,EG10282
b4232,EG10283
b3891,EG10284
b4079,EG10285
b4291,EG10286
b4290,EG10287
b4289,EG10288
b4288,EG10289
b4287,EG10290
b4293,EG10291
b4292,EG10292
b0584,EG10293
b0592,EG10294
b0588,EG10295
b0590,EG10296
b0587,EG10297
b0589,EG10298
b0585,EG10299
b2610,EG10300
b2731,EG10301
b0150,EG10302
b0153,EG10303
b0151,EG10304
b0152,EG10305
b1102,EG10306
b3361,EG10307
b4314,EG10308
b4312,EG10309
b4316,EG10310
b4317,EG10311
b4313,EG10312
b4318,EG10313
b4319,EG10314
b4320,EG10315
b0179,EG10316
b3261,EG10317
b0684,EG10318
b1891,EG10319
b1892,EG10320
b1923,EG10321
b1944,EG10322
b1945,EG10323
b1946,EG10324
b1334,EG10325
b0048,EG10326
b2315,EG10327
b0529,EG10328
b3635,EG10329
b4154,EG10330
b4153,EG10331
b4152,EG10332
b4151,EG10333
b3844,EG10334
b0172,EG10335
b2167,EG10336
b2168,EG10337
b0080,EG10338
b0094,EG10339
b3463,EG10340
b0084,EG10341
b0093,EG10342
b3465,EG10343
b0089,EG10344
b3462,EG10345
b3464,EG10346
b0095,EG10347
b2800,EG10348
b2802,EG10349
b2803,EG10350
b2799,EG10351
b2801,EG10352
b2805,EG10353
b2804,EG10355
b1612,EG10356
b4122,EG10357
b1611,EG10358
b0683,EG10359
b3340,EG10360
b2662,EG10361
b0759,EG10362
b0757,EG10363
b2837,EG10364
b2151,EG10365
b0758,EG10366
b1779,EG10367
b2927,EG10368
b0124,EG10369
b2515,EG10370
b2904,EG10371
b1761,EG10372
b0018,EG10373
b3447,EG10374
b3741,EG10375
b3740,EG10376
b3429,EG10377
b3432,EG10378
b3430,EG10379
b3428,EG10380
b3431,EG10381
b3729,EG10382
b3870,EG10383
b2553,EG10384
b3868,EG10385
b0811,EG10386
b3869,EG10387
b0810,EG10388
b0809,EG10389
b0680,EG10390
b2241,EG10391
b2242,EG10392
b2243,EG10393
b3426,EG10394
b3425,EG10395
b3927,EG10396
b3424,EG10397
b3926,EG10398
b2239,EG10399
b3423,EG10400
b2240,EG10401
b0720,EG10402
b3212,EG10403
b3213,EG10404
b4077,EG10405
b3653,EG10406
b2400,EG10407
b2551,EG10408
b3560,EG10409
b3559,EG10410
b2029,EG10411
b3500,EG10412
b3779,EG10413
b0238,EG10414
b3181,EG10415
b2614,EG10416
b0849,EG10417
b2688,EG10418
b2947,EG10419
b2507,EG10420
b2508,EG10421
b0104,EG10422
b2231,EG10423
b3699,EG10424
b1619,EG10425
b0962,EG10426
b1210,EG10427
b0369,EG10428
b3805,EG10429
b3804,EG10430
b0475,EG10431
b0154,EG10432
b3803,EG10433
b3802,EG10434
b4175,EG10435
b4174,EG10436
b4173,EG10437
b4172,EG10438
b0460,EG10439
b1712,EG10440
b0912,EG10441
b1508,EG10442
b1507,EG10443
b2024,EG10444
b2022,EG10445
b2021,EG10446
b2020,EG10447
b2025,EG10448
b2019,EG10449
b2023,EG10450
b2026,EG10451
b2306,EG10452
b2514,EG10453
b2318,EG10454
b0178,EG10455
b2552,EG10456
b1237,EG10457
b4349,EG10458
b4350,EG10459
b4348,EG10460
b0473,EG10461
b1829,EG10462
b0161,EG10463
b1054,EG10464
b3041,EG10465
b4000,EG10466
b0440,EG10467
b0972,EG10468
b0973,EG10469
b0974,EG10470
b0975,EG10471
b0976,EG10472
b0977,EG10473
b2725,EG10474
b2724,EG10475
b2723,EG10476
b2722,EG10477
b2721,EG10478
b2720,EG10479
b2719,EG10480
b2718,EG10481
b4004,EG10482
b2726,EG10483
b2727,EG10484
b2728,EG10485
b2729,EG10486
b2730,EG10487
b2753,EG10488
b1136,EG10489
b2916,EG10490
b4018,EG10491
b0026,EG10492
b3772,EG10493
b3671,EG10494
b3774,EG10495
b3771,EG10496
b3770,EG10497
b3768,EG10498
b0078,EG10499
b0077,EG10500
b3769,EG10501
b3670,EG10502
b3773,EG10503
b0884,EG10504
b3168,EG10505
b1718,EG10506
b0537,EG10507
b0421,EG10508
b1732,EG10509
b2741,EG10510
b3942,EG10511
b3617,EG10512
b0698,EG10513
b0697,EG10514
b0696,EG10515
b0695,EG10516
b0694,EG10517
b1215,EG10518
b0918,EG10519
b3633,EG10520
b0047,EG10521
b2587,EG10522
b0051,EG10523
b0342,EG10524
b0345,EG10525
b0343,EG10526
b0344,EG10527
b4036,EG10528
b2569,EG10529
b2568,EG10530
b0076,EG10531
b0642,EG10532
b4043,EG10533
b2411,EG10534
b1139,EG10535
b3454,EG10536
b3455,EG10537
b3457,EG10538
b3460,EG10539
b3458,EG10540
b3456,EG10541
b0439,EG10542
b0116,EG10543
b1677,EG10544
b0181,EG10545
b0182,EG10546
b0889,EG10547
b0027,EG10548
b2838,EG10549
b4024,EG10550
b2839,EG10551
b2890,EG10552
b4129,EG10553
b4034,EG10554
b4033,EG10555
b4032,EG10556
b1620,EG10557
b4035,EG10558
b4037,EG10559
b3417,EG10560
b3416,EG10561
b3418,EG10562
b1621,EG10563
b1622,EG10564
b0403,EG10565
b1613,EG10566
b1817,EG10567
b1818,EG10568
b1819,EG10569
b0168,EG10570
b2783,EG10571
b2781,EG10572
b1159,EG10573
b4346,EG10574
b4345,EG10575
b3236,EG10576
b4119,EG10577
b4120,EG10578
b2264,EG10579
b2328,EG10580
b4013,EG10581
b3939,EG10582
b3008,EG10583
b3829,EG10584
b3941,EG10585
b2114,EG10586
b4019,EG10587
b3938,EG10588
b2942,EG10589
b3940,EG10590
b3828,EG10591
b2149,EG10592
b2150,EG10593
b2148,EG10594
b4171,EG10595
b1176,EG10596
b1175,EG10597
b1174,EG10598
b4143,EG10599
b4142,EG10600
b1890,EG10601
b1889,EG10602
b2684,EG10603
b0087,EG10604
b0149,EG10605
b0635,EG10606
b0634,EG10607
b3251,EG10608
b3250,EG10609
b3249,EG10610
b2113,EG10611
b4351,EG10612
b0914,EG10613
b1855,EG10614
b3599,EG10615
b3600,EG10616
b3161,EG10617
b0924,EG10618
b0091,EG10619
b0088,EG10620
b0085,EG10621
b0086,EG10622
b0090,EG10623
b2831,EG10624
b2733,EG10625
b0099,EG10626
b2961,EG10627
b3924,EG10628
b0543,EG10629
b0750,EG10630
b2574,EG10631
b0677,EG10632
b0678,EG10633
b0675,EG10634
b0679,EG10635
b0676,EG10636
b3225,EG10637
b1224,EG10638
b1225,EG10639
b1227,EG10640
b1226,EG10641
b1223,EG10642
b1221,EG10643
b1465,EG10644
b1466,EG10645
b1222,EG10646
b1467,EG10647
b1468,EG10648
b1109,EG10649
b2518,EG10650
b2159,EG10651
b0019,EG10652
b3365,EG10653
b3367,EG10654
b3366,EG10655
b3188,EG10656
b3661,EG10657
b2477,EG10658
b0553,EG10659
b2234,EG10660
b2235,EG10661
b1633,EG10662
b1740,EG10663
b2964,EG10664
b3169,EG10665
b0416,EG10666
b3982,EG10667
b1335,EG10668
b0957,EG10669
b2215,EG10670
b0929,EG10671
b3405,EG10672
b0565,EG10673
b1243,EG10674
b1244,EG10675
b1245,EG10676
b1246,EG10677
b1247,EG10678
b1283,EG10679
b1482,EG10680
b3961,EG10681
b3360,EG10682
b1812,EG10683
b0741,EG10684
b3258,EG10685
b3019,EG10686
b3030,EG10687
b3403,EG10688
b2743,EG10689
b0143,EG10690
b0052,EG10691
b2564,EG10693
b4260,EG10694
b0237,EG10695
b0932,EG10696
b2908,EG10697
b3847,EG10698
b3916,EG10699
b1723,EG10700
b0903,EG10701
b4025,EG10702
b2926,EG10703
b0418,EG10704
b1278,EG10705
b1912,EG10706
b2599,EG10707
b0576,EG10708
b1714,EG10709
b1713,EG10710
b4108,EG10711
b4107,EG10712
b4106,EG10713
b4105,EG10714
b4102,EG10715
b4101,EG10716
b4100,EG10717
b4099,EG10718
b4098,EG10719
b4097,EG10720
b4096,EG10721
b4095,EG10722
b4094,EG10723
b4093,EG10724
b4092,EG10725
b0383,EG10727
b0399,EG10728
b0241,EG10729
b4399,EG10730
b1130,EG10731
b1129,EG10732
b0400,EG10733
b3728,EG10734
b3724,EG10735
b0708,EG10736
b1158,EG10737
b3821,EG10738
b3825,EG10739
b4041,EG10740
b4235,EG10741
b0931,EG10742
b3164,EG10743
b1603,EG10744
b1602,EG10745
b3863,EG10746
b0060,EG10747
b3396,EG10748
b1126,EG10749
b1125,EG10750
b1124,EG10751
b1123,EG10752
b0692,EG10753
b0871,EG10754
b4226,EG10755
b3956,EG10756
b3363,EG10757
b0525,EG10758
b1702,EG10759
b1830,EG10760
b1211,EG10761
b2891,EG10762
b3935,EG10763
b4201,EG10764
b0467,EG10765
b3300,EG10766
b0243,EG10767
b0242,EG10768
b0386,EG10769
b0194,EG10770
b2677,EG10771
b2678,EG10772
b2679,EG10773
b1207,EG10774
b4160,EG10775
b1304,EG10776
b1305,EG10777
b1306,EG10778
b1307,EG10779
b1308,EG10780
b2585,EG10781
b3726,EG10782
b3725,EG10783
b3727,EG10784
b1204,EG10785
b2821,EG10786
b1101,EG10787
b2415,EG10788
b2416,EG10789
b4177,EG10790
b2476,EG10791
b4005,EG10792
b0523,EG10793
b2312,EG10794
b4006,EG10795
b0522,EG10796
b2557,EG10797
b2499,EG10798
b2500,EG10799
b1658,EG10800
b1014,EG10801
b1015,EG10802
b1854,EG10803
b1676,EG10804
b4245,EG10805
b1062,EG10806
b0945,EG10807
b3642,EG10808
b1281,EG10809
b2780,EG10810
b4244,EG10811
b0405,EG10812
b1351,EG10813
b3749,EG10814
b3751,EG10815
b3750,EG10816
b3748,EG10817
b3752,EG10818
b3753,EG10819
b1951,EG10820
b2217,EG10821
b2218,EG10822
b2699,EG10823
b2820,EG10824
b2822,EG10825
b2819,EG10826
b1350,EG10827
b3700,EG10828
b3652,EG10829
b2892,EG10830
b2616,EG10831
b2565,EG10832
b3822,EG10833
b0472,EG10834
b2784,EG10835
b1564,EG10836
b3778,EG10837
b3619,EG10838
b3842,EG10839
b3784,EG10840
b1924,EG10841
b3906,EG10842
b3905,EG10843
b3780,EG10844
b3783,EG10845
b3593,EG10846
b3482,EG10847
b0700,EG10848
b0497,EG10849
b4373,EG10850
b1066,EG10851
b0852,EG10852
b1427,EG10853
b0633,EG10854
b0641,EG10855
b0611,EG10856
b2567,EG10857
b1804,EG10858
b1084,EG10859
b0214,EG10860
b0183,EG10861
b3704,EG10862
b3643,EG10863
b3984,EG10864
b3317,EG10865
b3320,EG10866
b3319,EG10867
b3308,EG10868
b3305,EG10869
b4203,EG10870
b3985,EG10871
b3983,EG10872
b3986,EG10873
b3231,EG10874
b3310,EG10875
b3301,EG10876
b3313,EG10877
b3294,EG10878
b3304,EG10879
b2606,EG10880
b1716,EG10881
b3315,EG10882
b3318,EG10883
b3309,EG10884
b2185,EG10885
b3637,EG10886
b3312,EG10887
b3302,EG10888
b3936,EG10889
b1089,EG10890
b3636,EG10891
b3703,EG10892
b3295,EG10893
b3987,EG10894
b3988,EG10895
b3067,EG10896
b3461,EG10897
b3202,EG10898
b3649,EG10899
b0911,EG10900
b0169,EG10901
b3314,EG10902
b3296,EG10903
b3303,EG10904
b4200,EG10905
b3341,EG10906
b3306,EG10907
b3230,EG10908
b3321,EG10909
b3297,EG10910
b3342,EG10911
b3298,EG10912
b3307,EG10913
b3165,EG10914
b2609,EG10915
b3311,EG10916
b4202,EG10917
b3316,EG10918
b0023,EG10919
b3065,EG10920
b1905,EG10921
b3974,EG10922
b1863,EG10925
b2011,EG10926
b0397,EG10927
b0377,EG10928
b3917,EG10929
b1814,EG10930
b0723,EG10931
b0724,EG10932
b0721,EG10933
b0722,EG10934
b1916,EG10935
b0098,EG10936
b3609,EG10937
b0408,EG10938
b3981,EG10939
b0409,EG10940
b3591,EG10941
b3590,EG10942
b1764,EG10943
b2913,EG10944
b4388,EG10945
b0907,EG10946
b0893,EG10947
b1479,EG10948
b0146,EG10949
b4392,EG10950
b4387,EG10951
b2617,EG10952
b3908,EG10953
b1656,EG10954
b3129,EG10955
b1272,EG10956
b4063,EG10957
b4062,EG10958
b2938,EG10959
b2937,EG10960
b2965,EG10961
b0120,EG10962
b0121,EG10963
b0693,EG10964
b3648,EG10965
b3650,EG10966
b3651,EG10967
b1766,EG10968
b2703,EG10969
b2704,EG10970
b2705,EG10971
b2706,EG10972
b2708,EG10973
b2707,EG10974
b2576,EG10975
b4059,EG10976
b3229,EG10977
b3228,EG10978
b0726,EG10979
b0727,EG10980
b0728,EG10981
b0729,EG10982
b2533,EG10983
b0958,EG10984
b0053,EG10985
b3549,EG10986
b1885,EG10987
b1886,EG10988
b3118,EG10989
b3117,EG10990
b3116,EG10991
b3119,EG10992
b3616,EG10993
b1238,EG10994
b0452,EG10995
b0406,EG10996
b3706,EG10997
b0002,EG10998
b0003,EG10999
b0004,EG11000
b1719,EG11001
b2827,EG11002
b0436,EG11003
b1845,EG11004
b3708,EG11005
b3709,EG11006
b0739,EG11007
b0740,EG11008
b3035,EG11009
b0737,EG11010
b0738,EG11011
b1252,EG11012
b1274,EG11013
b1763,EG11014
b3919,EG11015
b1229,EG11016
b1197,EG11017
b1421,EG11018
b3290,EG11019
b1363,EG11020
b3849,EG11021
b3965,EG11022
b2607,EG11023
b1260,EG11024
b1261,EG11025
b1262,EG11026
b1263,EG11027
b1264,EG11028
b4393,EG11029
b3384,EG11030
b3781,EG11031
b0888,EG11032
b0170,EG11033
b4355,EG11034
b0411,EG11035
b3339,EG11036
b3980,EG11037
b1610,EG11038
b2600,EG11039
b4054,EG11040
b1907,EG11041
b1323,EG11042
b1637,EG11043
b2311,EG11044
b3831,EG11045
b3452,EG11046
b3453,EG11047
b3450,EG11048
b3451,EG11049
b3449,EG11050
b3669,EG11051
b3668,EG11052
b3667,EG11053
b3666,EG11054
b1617,EG11055
b1184,EG11056
b1183,EG11057
b2580,EG11058
b2319,EG11059
b0480,EG11060
b4058,EG11061
b0779,EG11062
b1913,EG11063
b3813,EG11064
b1521,EG11065
b4322,EG11066
b4258,EG11067
b1960,EG11068
b3811,EG11069
b2893,EG11070
b2894,EG11071
b2509,EG11072
b1749,EG11073
b3565,EG11074
b3564,EG11075
b4031,EG11076
b0020,EG11078
b0025,EG11079
b0028,EG11080
b0029,EG11081
b0030,EG11082
b0059,EG11083
b0081,EG11084
b0082,EG11085
b0083,EG11086
b0097,EG11087
b0113,EG11088
b0122,EG11089
b0159,EG11090
b0239,EG11091
b0240,EG11092
b0389,EG11093
b0398,EG11094
b0404,EG11095
b0407,EG11096
b0410,EG11097
b0422,EG11098
b0456,EG11099
b0471,EG11100
b0476,EG11101
b0477,EG11102
b0535,EG11103
b0591,EG11104
b0597,EG11105
b0707,EG11108
b0730,EG11109
b0736,EG11110
b0880,EG11111
b0885,EG11112
b0970,EG11113
b1055,EG11116
b1063,EG11117
b1086,EG11118
b1088,EG11119
b1156,EG11120
b1253,EG11121
b1254,EG11122
b1255,EG11123
b1256,EG11124
b1257,EG11125
b1258,EG11126
b1259,EG11127
b1282,EG11128
b1561,EG11129
b1562,EG11130
b1563,EG11131
b1703,EG11132
b1708,EG11133
b1765,EG11134
b1768,EG11135
b1862,EG11136
b1864,EG11137
b1865,EG11138
b1908,EG11139
b1914,EG11140
b1959,EG11141
b2230,EG11142
b2232,EG11143
b2327,EG11144
b2395,EG11145
b2405,EG11146
b2471,EG11147
b2479,EG11149
b2481,EG11150
b2597,EG11151
b2605,EG11152
b2608,EG11153
b2823,EG11154
b2824,EG11155
b2825,EG11156
b2840,EG11157
b2912,EG11158
b2923,EG11159
b2924,EG11160
b2928,EG11161
b2929,EG11162
b3036,EG11163
b3037,EG11164
b3038,EG11165
b3039,EG11166
b3040,EG11167
b3061,EG11168
b3062,EG11169
b3064,EG11171
b3115,EG11172
b3120,EG11173
b3121,EG11174
b3124,EG11175
b3125,EG11176
b3166,EG11177
b3167,EG11178
b3170,EG11179
b3291,EG11180
b3337,EG11181
b3356,EG11182
b3388,EG11183
b3448,EG11184
b3562,EG11186
b3594,EG11187
b3618,EG11188
b3621,EG11189
b3634,EG11190
b3641,EG11191
b3644,EG11192
b3645,EG11193
b3654,EG11194
b3697,EG11195
b3698,EG11196
b3705,EG11197
b3730,EG11198
b3742,EG11199
b3810,EG11201
b3812,EG11202
b3865,EG11203
b3967,EG11204
b3972,EG11205
b4011,EG11206
b4012,EG11207
b4017,EG11208
b4030,EG11209
b4109,EG11210
b4155,EG11211
b4178,EG11212
b4223,EG11213
b4360,EG11214
b4363,EG11215
b4397,EG11217
b4398,EG11218
b1419,EG11219
b1852,EG11221
b2068,EG11222
b3960,EG11223
b1947,EG11224
b4138,EG11225
b0074,EG11226
b1474,EG11227
b1475,EG11228
b1476,EG11229
b4118,EG11230
b1717,EG11231
b3299,EG11232
b1609,EG11233
b1692,EG11234
b0797,EG11235
b0315,EG11236
b3338,EG11237
b0773,EG11238
b0766,EG11239
b0897,EG11241
b0898,EG11242
b2922,EG11244
b2930,EG11245
b1333,EG11246
b2785,EG11247
b2782,EG11249
b4224,EG11250
b1214,EG11251
b0923,EG11252
b0925,EG11253
b0636,EG11254
b0637,EG11255
b0382,EG11256
b0385,EG11257
b0904,EG11258
b4179,EG11259
b3765,EG11260
b0851,EG11261
b3364,EG11262
b3322,EG11263
b0910,EG11265
b3615,EG11266
b3563,EG11267
b3288,EG11268
b2018,EG11269
b3766,EG11270
b2598,EG11271
b1715,EG11272
b0079,EG11273
b1265,EG11274
b3672,EG11275
b3707,EG11276
b0001,EG11277
b4246,EG11279
b0075,EG11280
b4170,EG11281
b2482,EG11282
b4104,EG11283
b0180,EG11284
b2554,EG11285
b3957,EG11286
b2732,EG11287
b0394,EG11288
b2147,EG11289
b2152,EG11290
b2936,EG11291
b3003,EG11292
b1209,EG11293
b1208,EG11294
b3785,EG11295
b4389,EG11296
b3860,EG11297
b3248,EG11298
b3247,EG11299
b1571,EG11300
b1572,EG11301
b1573,EG11302
b1576,EG11303
b1577,EG11304
b0627,EG11305
b0628,EG11306
b1406,EG11309
b1407,EG11310
b3260,EG11311
b3638,EG11312
b3907,EG11313
b1131,EG11314
b3253,EG11315
b3571,EG11316
b1092,EG11317
b1093,EG11318
b1236,EG11319
b0413,EG11320
b0414,EG11321
b0415,EG11322
b2909,EG11323
b2907,EG11324
b1276,EG11325
b0337,EG11326
b0336,EG11327
b2525,EG11328
b2661,EG11329
b2663,EG11330
b1277,EG11331
b2498,EG11332
b2906,EG11333
b3647,EG11334
b4390,EG11335
b2945,EG11336
b2156,EG11337
b1051,EG11338
b3631,EG11339
b3630,EG11340
b3632,EG11341
b1242,EG11342
b1053,EG11343
b1133,EG11344
b1132,EG11345
b1937,EG11346
b1938,EG11347
b3629,EG11350
b3628,EG11351
b3627,EG11352
b3626,EG11353
b2685,EG11354
b1922,EG11355
b1921,EG11356
b0799,EG11357
b3189,EG11358
b3335,EG11359
b3570,EG11360
b2064,EG11361
b0144,EG11362
b4169,EG11363
b3720,EG11364
b4396,EG11366
b2786,EG11367
b2262,EG11368
b4039,EG11369
b4040,EG11370
b2560,EG11371
b2559,EG11372
b2558,EG11373
b0142,EG11374
b2153,EG11375
b3017,EG11376
b3018,EG11377
b1684,EG11378
b0979,EG11379
b0978,EG11380
b3049,EG11381
b3209,EG11383
b0605,EG11384
b0606,EG11385
b4486,EG11386
b1927,EG11387
b1925,EG11388
b1926,EG11389
b3495,EG11390
b4376,EG11391
b1186,EG11392
b1185,EG11393
b3963,EG11394
b3964,EG11395
b3843,EG11396
b3510,EG11398
b3509,EG11399
b3508,EG11400
b0384,EG11401
b4239,EG11402
b2502,EG11403
b1203,EG11404
b0887,EG11405
b1662,EG11406
b1189,EG11407
b1190,EG11408
b0915,EG11409
b4234,EG11410
b0167,EG11411
b0640,EG11412
b4259,EG11413
b4372,EG11414
b0812,EG11415
b4238,EG11417
b2065,EG11418
b2182,EG11419
b0338,EG11421
b2237,EG11422
b3623,EG11423
b3622,EG11424
b3625,EG11425
b3624,EG11426
b2935,EG11427
b3962,EG11428
b3989,EG11429
b1128,EG11430
b2398,EG11431
b2399,EG11432
b4219,EG11433
b1531,EG11434
b1530,EG11435
b4269,EG11436
b1090,EG11437
b1087,EG11438
b2686,EG11439
b3287,EG11440
b3498,EG11441
b2905,EG11442
b2914,EG11443
b2917,EG11444
b2918,EG11445
b2696,EG11447
b4069,EG11448
b4480,EG11449
b3764,EG11450
b3786,EG11451
b3787,EG11452
b3788,EG11453
b3789,EG11454
b3790,EG11455
b3791,EG11456
b3793,EG11457
b3794,EG11458
b3795,EG11459
b2469,EG11460
b4482,EG11462
b3816,EG11463
b3817,EG11464
b3818,EG11465
b3819,EG11466
b3820,EG11467
b3823,EG11468
b3824,EG11469
b3826,EG11470
b3827,EG11471
b3832,EG11472
b3833,EG11473
b3834,EG11474
b3835,EG11476
b3839,EG11479
b4483,EG11481
b3848,EG11484
b3850,EG11485
b3792,EG11486
b1638,EG11487
b1639,EG11488
b1042,EG11489
b1493,EG11490
b4044,EG11491
b4051,EG11492
b1096,EG11493
b1097,EG11494
b3511,EG11495
b0236,EG11496
b3259,EG11497
b3262,EG11498
b3184,EG11499
b1099,EG11500
b4117,EG11501
b0196,EG11502
b0195,EG11503
b0197,EG11504
b1842,EG11505
b3178,EG11506
b3179,EG11507
b1480,EG11508
b0012,EG11509
b2501,EG11510
b0009,EG11511
b0010,EG11512
b3214,EG11514
b3215,EG11515
b1188,EG11516
b3925,EG11517
b3481,EG11519
b3483,EG11520
b0699,EG11521
b0702,EG11522
b0704,EG11523
b0706,EG11524
b3484,EG11525
b1460,EG11526
b2193,EG11527
b1288,EG11528
b3933,EG11529
b1805,EG11530
b1661,EG11531
b2261,EG11532
b1205,EG11533
b3687,EG11534
b3686,EG11535
b3685,EG11536
b1067,EG11537
b2575,EG11538
b0171,EG11539
b1004,EG11540
b3747,EG11541
b0494,EG11542
b3997,EG11543
b3512,EG11544
b1083,EG11545
b0109,EG11546
b1652,EG11547
b1653,EG11548
b1127,EG11549
b2712,EG11551
b2713,EG11552
b3176,EG11553
b2669,EG11554
b0007,EG11555
b0008,EG11556
b0036,EG11557
b0037,EG11558
b0038,EG11559
b0039,EG11560
b0040,EG11561
b0041,EG11562
b0042,EG11563
b0043,EG11564
b0044,EG11565
b0045,EG11566
b0046,EG11568
b0054,EG11569
b0055,EG11570
b0065,EG11571
b0066,EG11572
b0067,EG11573
b0068,EG11574
b0071,EG11575
b0072,EG11576
b0073,EG11577
b3406,EG11578
b0798,EG11579
b0800,EG11580
b0801,EG11581
b0507,EG11583
b3994,EG11585
b3993,EG11586
b3992,EG11587
b3991,EG11589
b3990,EG11590
b0630,EG11591
b0631,EG11592
b0629,EG11594
b0781,EG11595
b0782,EG11596
b0784,EG11597
b0785,EG11598
b1532,EG11599
b2521,EG11600
b2522,EG11601
b3053,EG11602
b3054,EG11603
b4473,EG11604
b3284,EG11605
b1250,EG11606
b1251,EG11607
b1249,EG11608
b2369,EG11609
b2370,EG11610
b1239,EG11611
b4111,EG11612
b4114,EG11613
b4112,EG11614
b4113,EG11615
b4148,EG11616
b2078,EG11617
b2079,EG11618
b1114,EG11619
b1286,EG11620
b0199,EG11621
b0449,EG11622
b2797,EG11623
b0864,EG11624
b0863,EG11625
b0862,EG11626
b0861,EG11627
b0860,EG11628
b0854,EG11629
b0855,EG11630
b0856,EG11631
b0857,EG11632
b1548,EG11634
b0560,EG11635
b1528,EG11636
b1529,EG11637
b1533,EG11639
b1534,EG11640
b1535,EG11643
b1536,EG11644
b1537,EG11645
b2166,EG11646
b0185,EG11647
b0207,EG11648
b0208,EG11649
b0209,EG11650
b0210,EG11651
b3235,EG11652
b3807,EG11653
b1939,EG11654
b1940,EG11656
b0495,EG11657
b1616,EG11658
b1928,EG11659
b1929,EG11660
b1930,EG11661
b1931,EG11662
b3349,EG11663
b3348,EG11664
b3057,EG11665
b0783,EG11666
b2219,EG11667
b2220,EG11668
b2221,EG11669
b2222,EG11670
b2223,EG11671
b2224,EG11672
b3058,EG11673
b3059,EG11674
b0134,EG11675
b3932,EG11676
b0760,EG11677
b0135,EG11678
b2836,EG11679
b3201,EG11680
b3203,EG11681
b3204,EG11682
b3646,EG11683
b3655,EG11684
b3656,EG11685
b3657,EG11686
b3659,EG11687
b3660,EG11688
b3662,EG11689
b3663,EG11690
b3664,EG11691
b3665,EG11692
b3673,EG11693
b3674,EG11694
b3675,EG11695
b3676,EG11696
b3677,EG11697
b0756,EG11698
b0755,EG11699
b0751,EG11700
b2066,EG11701
b3996,EG11702
b0463,EG11703
b0462,EG11704
b3678,EG11705
b3679,EG11706
b3680,EG11707
b3681,EG11708
b3682,EG11709
b3683,EG11710
b3684,EG11711
b3688,EG11712
b3689,EG11713
b3690,EG11714
b3696,EG11719
b3710,EG11720
b3711,EG11721
b3712,EG11722
b3713,EG11723
b3714,EG11724
b3715,EG11725
b3716,EG11726
b3717,EG11727
b3718,EG11728
b3719,EG11729
b3745,EG11730
b3746,EG11731
b3754,EG11732
b3755,EG11733
b1020,EG11734
b1019,EG11735
b0200,EG11736
b0198,EG11737
b3995,EG11738
b0569,EG11739
b0568,EG11740
b3264,EG11741
b1496,EG11742
b1495,EG11743
b1494,EG11744
b0133,EG11746
b0131,EG11747
b0132,EG11748
b0130,EG11749
b3411,EG11750
b1896,EG11751
b1897,EG11752
b1216,EG11753
b0070,EG11754
b4168,EG11757
b4167,EG11758
b1271,EG11759
b1457,EG11760
b1461,EG11761
b3592,EG11762
b3596,EG11763
b3597,EG11764
b3598,EG11765
b3595,EG11766
b3485,EG11767
b0503,EG11768
b0498,EG11769
b0500,EG11770
b2277,EG11773
b2284,EG11774
b0685,EG11775
b0686,EG11776
b0690,EG11777
b0691,EG11778
b2960,EG11779
b1510,EG11780
b4070,EG11781
b2620,EG11782
b2622,EG11783
b2579,EG11784
b2577,EG11785
b2581,EG11786
b2053,EG11787
b2052,EG11788
b2051,EG11789
b2050,EG11790
b2934,EG11791
b2933,EG11792
b2807,EG11793
b2806,EG11794
b2808,EG11795
b4386,EG11796
b2464,EG11797
b0106,EG11798
b2996,EG11799
b2995,EG11800
b2994,EG11801
b2993,EG11802
b2992,EG11803
b2991,EG11804
b2990,EG11805
b1846,EG11806
b1847,EG11807
b1848,EG11808
b1849,EG11809
b2903,EG11810
b4187,EG11811
b4186,EG11812
b0997,EG11814
b0996,EG11815
b2746,EG11816
b2744,EG11817
b1232,EG11819
b1056,EG11820
b0451,EG11821
b1301,EG11822
b2435,EG11823
b3009,EG11824
b1464,EG11825
b0981,EG11826
b4090,EG11827
b3856,EG11828
b3857,EG11829
b3858,EG11830
b3859,EG11831
b3861,EG11832
b3862,EG11833
b3866,EG11835
b3867,EG11836
b3871,EG11837
b3872,EG11838
b3873,EG11839
b3874,EG11840
b3876,EG11841
b3877,EG11842
b3878,EG11843
b3879,EG11844
b3880,EG11845
b3881,EG11846
b3882,EG11847
b3883,EG11848
b3884,EG11849
b3885,EG11850
b3886,EG11851
b3887,EG11852
b3888,EG11853
b3889,EG11854
b3890,EG11855
b3892,EG11856
b3893,EG11857
b3894,EG11858
b3895,EG11859
b3896,EG11860
b3897,EG11861
b3898,EG11862
b3899,EG11863
b3900,EG11864
b3901,EG11865
b3902,EG11866
b3903,EG11867
b3904,EG11868
b3909,EG11869
b3910,EG11870
b3385,EG11871
b3915,EG11873
b3920,EG11874
b3921,EG11875
b3922,EG11876
b3923,EG11877
b3928,EG11878
b3929,EG11879
b3930,EG11880
b3931,EG11881
b3937,EG11882
b1429,EG11883
b1430,EG11884
b1048,EG11885
b1049,EG11886
b2582,EG11887
b3606,EG11888
b3507,EG11889
b3506,EG11890
b2008,EG11891
b2009,EG11892
b2010,EG11893
b2012,EG11894
b2013,EG11895
b2014,EG11896
b2573,EG11897
b1349,EG11899
b1348,EG11900
b1347,EG11901
b3943,EG11902
b3944,EG11903
b3945,EG11904
b3946,EG11905
b3947,EG11906
b3949,EG11908
b3950,EG11909
b3951,EG11910
b3952,EG11911
b3953,EG11912
b3954,EG11913
b3955,EG11914
b3998,EG11915
b3999,EG11916
b4001,EG11917
b4002,EG11918
b4020,EG11919
b4021,EG11920
b4022,EG11921
b4023,EG11922
b4026,EG11923
b4027,EG11924
b4028,EG11925
b4029,EG11926
b4038,EG11927
b4045,EG11928
b4046,EG11929
b4047,EG11930
b4048,EG11931
b4049,EG11932
b4050,EG11933
b4055,EG11934
b4056,EG11935
b4057,EG11936
b4060,EG11937
b4061,EG11938
b4064,EG11939
b4065,EG11940
b4066,EG11941
b4067,EG11942
b4068,EG11943
b4071,EG11945
b4072,EG11946
b4073,EG11947
b4074,EG11948
b4075,EG11949
b4076,EG11950
b4078,EG11951
b4080,EG11952
b4081,EG11953
b4082,EG11954
b4083,EG11955
b4084,EG11956
b4085,EG11957
b4086,EG11958
b4087,EG11959
b3603,EG11961
b3604,EG11962
b3605,EG11963
b3602,EG11964
b3601,EG11965
b4116,EG11966
b1082,EG11967
b3292,EG11969
b3293,EG11970
b2393,EG11971
b0139,EG11972
b0140,EG11973
b4315,EG11974
b1948,EG11975
b1949,EG11976
b1950,EG11977
b2039,EG11978
b2038,EG11979
b2037,EG11980
b2036,EG11981
b2035,EG11982
b2034,EG11983
b2033,EG11984
b2032,EG11985
b2031,EG11986
b2108,EG11987
b2109,EG11988
b2110,EG11989
b2111,EG11990
b2112,EG11991
b2115,EG11992
b2118,EG11995
b2119,EG11998
b2120,EG11999
b2121,EG12002
b2122,EG12003
b2123,EG12004
b2124,EG12005
b2125,EG12006
b2126,EG12007
b2127,EG12008
b2128,EG12009
b2129,EG12010
b2130,EG12011
b2131,EG12012
b2132,EG12013
b2134,EG12015
b2135,EG12016
b2136,EG12017
b2137,EG12019
b2138,EG12020
b2139,EG12021
b2140,EG12022
b2141,EG12023
b2142,EG12024
b2144,EG12025
b2154,EG12026
b2158,EG12027
b2160,EG12028
b2161,EG12029
b2162,EG12030
b2163,EG12031
b2164,EG12032
b2165,EG12033
b2170,EG12034
b2171,EG12035
b2172,EG12036
b2177,EG12037
b2178,EG12038
b2179,EG12040
b2180,EG12041
b2181,EG12042
b2187,EG12043
b2183,EG12044
b2184,EG12045
b2186,EG12048
b2188,EG12049
b2190,EG12051
b2194,EG12052
b2195,EG12053
b2196,EG12054
b2197,EG12055
b2199,EG12057
b2200,EG12058
b2201,EG12059
b2202,EG12060
b2203,EG12061
b2204,EG12062
b2205,EG12064
b2206,EG12067
b2208,EG12068
b2210,EG12069
b2211,EG12070
b2214,EG12073
b3476,EG12075
b3477,EG12076
b3478,EG12077
b3479,EG12078
b3480,EG12079
b2698,EG12080
b2826,EG12081
b2288,EG12082
b2287,EG12083
b2286,EG12084
b2285,EG12086
b2283,EG12087
b2282,EG12088
b2281,EG12089
b2280,EG12090
b2279,EG12091
b2278,EG12092
b2276,EG12093
b0069,EG12094
b3175,EG12095
b4225,EG12096
b2593,EG12097
b2594,EG12098
b4147,EG12099
b2465,EG12100
b3408,EG12101
b3409,EG12102
b1416,EG12103
b2173,EG12104
b2157,EG12105
b0107,EG12106
b0108,EG12107
b2709,EG12108
b1414,EG12110
b2742,EG12111
b2624,EG12112
b3391,EG12113
b4375,EG12114
b4374,EG12115
b0464,EG12116
b0814,EG12117
b1233,EG12119
b1234,EG12120
b1235,EG12121
b2944,EG12122
b2289,EG12123
b2309,EG12124
b2308,EG12125
b4240,EG12127
b2828,EG12128
b2497,EG12129
b2526,EG12130
b2527,EG12131
b2528,EG12132
b2426,EG12133
b0813,EG12134
b2077,EG12136
b0192,EG12137
b0193,EG12138
b2555,EG12139
b1659,EG12140
b1660,EG12141
b2796,EG12142
b2207,EG12143
b0688,EG12144
b3205,EG12146
b3206,EG12147
b2943,EG12148
b1992,EG12150
b1991,EG12151
b4268,EG12152
b1469,EG12153
b1353,EG12154
b1352,EG12155
b0393,EG12158
b0391,EG12159
b0297,EG12161
b2090,EG12162
b3289,EG12163
b4395,EG12164
b0922,EG12165
b0920,EG12166
b0921,EG12167
b0401,EG12168
b2198,EG12169
b4380,EG12171
b1103,EG12172
b3334,EG12173
b4135,EG12176
b4137,EG12177
b4136,EG12178
b0623,EG12179
b0622,EG12180
b1654,EG12181
b0434,EG12182
b0433,EG12183
b2829,EG12188
b2436,EG12189
b2437,EG12190
b0450,EG12191
b2615,EG12192
b1000,EG12193
b0999,EG12194
b0998,EG12195
b1001,EG12196
b0687,EG12197
b1733,EG12198
b2069,EG12200
b2671,EG12201
b4241,EG12202
b1557,EG12203
b1823,EG12204
b1558,EG12205
b1822,EG12207
b0625,EG12208
b0624,EG12209
b3620,EG12210
b3459,EG12211
b3466,EG12212
b3467,EG12213
b3468,EG12214
b3469,EG12215
b3470,EG12216
b3471,EG12217
b3473,EG12219
b3474,EG12220
b3475,EG12221
b3486,EG12223
b3487,EG12224
b3488,EG12225
b3489,EG12226
b3490,EG12227
b3491,EG12228
b3492,EG12229
b3493,EG12230
b3494,EG12231
b3496,EG12232
b3497,EG12233
b3499,EG12234
b3501,EG12235
b3502,EG12236
b3503,EG12237
b3504,EG12238
b3513,EG12240
b3514,EG12241
b3515,EG12242
b3516,EG12243
b3518,EG12244
b3519,EG12245
b3520,EG12246
b3521,EG12247
b3522,EG12248
b3523,EG12249
b3524,EG12251
b3525,EG12252
b3526,EG12253
b3527,EG12254
b3529,EG12256
b3530,EG12257
b3531,EG12258
b3532,EG12259
b3533,EG12260
b3534,EG12261
b3535,EG12262
b3536,EG12263
b3537,EG12264
b3538,EG12265
b3539,EG12266
b3546,EG12267
b3547,EG12268
b3548,EG12269
b3550,EG12270
b3552,EG12271
b3553,EG12272
b3554,EG12273
b3561,EG12274
b3567,EG12275
b3568,EG12276
b3573,EG12277
b3574,EG12278
b3575,EG12279
b3576,EG12280
b3577,EG12281
b3578,EG12282
b3579,EG12283
b3580,EG12284
b3581,EG12285
b3582,EG12286
b3583,EG12287
b3584,EG12288
b3585,EG12289
b3586,EG12290
b3587,EG12291
b3588,EG12292
b3589,EG12293
b3610,EG12294
b3611,EG12295
b3612,EG12296
b3613,EG12297
b3614,EG12298
b1013,EG12301
b1098,EG12302
b1100,EG12303
b1291,EG12304
b1290,EG12305
b2561,EG12308
b4403,EG12309
b2523,EG12310
b2524,EG12311
b0103,EG12312
b0102,EG12313
b0101,EG12314
b0117,EG12315
b0118,EG12316
b0123,EG12318
b0126,EG12319
b0127,EG12320
b0128,EG12321
b0129,EG12322
b2244,EG12323
b0136,EG12325
b0137,EG12326
b0138,EG12327
b0141,EG12328
b0148,EG12329
b0147,EG12330
b0155,EG12331
b0156,EG12332
b0157,EG12333
b0158,EG12334
b0162,EG12335
b0163,EG12336
b0164,EG12337
b0267,EG12338
b0266,EG12339
b0262,EG12340
b2572,EG12341
b4385,EG12342
b4391,EG12343
b1303,EG12344
b1539,EG12345
b1917,EG12347
b3775,EG12352
b0191,EG12354
b3422,EG12356
b1701,EG12357
b0933,EG12358
b0719,EG12359
b2236,EG12360
b2842,EG12361
b2265,EG12362
b3043,EG12363
b4271,EG12364
b3355,EG12365
b2946,EG12366
b0575,EG12367
b1859,EG12368
b1769,EG12369
b1140,EG12370
b3163,EG12371
b2798,EG12372
b2795,EG12373
b3362,EG12374
b0913,EG12375
b2410,EG12376
b1867,EG12378
b1868,EG12379
b3415,EG12380
b2676,EG12381
b0521,EG12384
b2216,EG12385
b2664,EG12386
b2660,EG12387
b0534,EG12388
b1705,EG12391
b1206,EG12392
b3063,EG12393
b1778,EG12394
b0735,EG12395
b2067,EG12396
b0944,EG12397
b1198,EG12399
b1663,EG12400
b2517,EG12401
b1217,EG12402
b1218,EG12403
b1219,EG12404
b1220,EG12405
b0796,EG12406
b0828,EG12407
b2468,EG12409
b2467,EG12410
b2040,EG12411
b2041,EG12412
b2094,EG12414
b2093,EG12415
b2092,EG12416
b2091,EG12417
b2096,EG12419
b0803,EG12421
b0802,EG12422
b0368,EG12423
b1212,EG12424
b0763,EG12427
b3782,EG12428
b0461,EG12429
b1299,EG12431
b1694,EG12432
b1269,EG12433
b3055,EG12434
b0176,EG12436
b2260,EG12437
b2263,EG12438
b4231,EG12439
b4233,EG12440
b4461,EG12442
b2959,EG12443
b1110,EG12444
b2578,EG12445
b2602,EG12446
b0567,EG12448
b2330,EG12449
b2711,EG12450
b0481,EG12454
b2835,EG12455
b4088,EG12458
b4115,EG12462
b4130,EG12469
b4156,EG12475
b4194,EG12494
b4195,EG12495
b4208,EG12504
b4227,EG12517
b4485,EG12518
b4230,EG12520
b3128,EG12522
b4242,EG12525
b4265,EG12539
b4279,EG12544
b4296,EG12548
b4302,EG12554
b4304,EG12556
b4305,EG12557
b4321,EG12563
b4337,EG12576
b4356,EG12587
b4359,EG12591
b4394,EG12600
b0119,EG12605
b1095,EG12606
b0035,EG12608
b0058,EG12609
b0056,EG12610
b0057,EG12611
b0995,EG12615
b0478,EG12623
b3555,EG12624
b3543,EG12625
b3542,EG12626
b3541,EG12627
b3540,EG12628
b3437,EG12629
b3438,EG12630
b4476,EG12631
b3034,EG12633
b2761,EG12634
b3028,EG12656
b3029,EG12657
b3026,EG12658
b0654,EG12661
b0653,EG12662
b0652,EG12663
b0524,EG12666
b1064,EG12688
b1050,EG12689
b0892,EG12690
b1280,EG12691
b0599,EG12692
b1813,EG12693
b3060,EG12694
b2895,EG12697
b0901,EG12702
b1003,EG12703
b2956,EG12704
b2958,EG12705
b2749,EG12707
b0527,EG12708
b1958,EG12709
b1962,EG12710
b2687,EG12712
b1473,EG12713
b0173,EG12715
b3068,EG12717
b3078,EG12720
b3089,EG12732
b3091,EG12734
b3093,EG12738
b3094,EG12739
b3110,EG12754
b3127,EG12760
b3135,EG12766
b3137,EG12768
b3138,EG12769
b3139,EG12770
b3149,EG12780
b3180,EG12794
b3193,EG12799
b3194,EG12800
b3195,EG12801
b3196,EG12802
b0466,EG12830
b3268,EG12834
b3269,EG12835
b3270,EG12836
b3271,EG12837
b0850,EG12842
b0468,EG12843
b2017,EG12844
b2754,EG12845
b2233,EG12850
b0643,EG12851
b1336,EG12853
b0742,EG12854
b0956,EG12855
b2586,EG12857
b1424,EG12859
b1853,EG12860
b1915,EG12861
b1426,EG12865
b1831,EG12866
b0376,EG12867
b1273,EG12868
b1322,EG12870
b0412,EG12874
b0772,EG12875
b0969,EG12876
b1154,EG12877
b2910,EG12878
b0528,EG12879
b2604,EG12880
b2238,EG12881
b2988,EG12882
b2987,EG12883
b3352,EG12903
b3370,EG12908
b3410,EG12933
b2388,EG12957
b1386,EG13139
b2406,EG13159
b2364,EG13161
b2775,EG13174
b0445,EG13217
b0731,EG13235
b0732,EG13236
b1993,EG13238
b0875,EG13270
b2367,EG13283
b3528,EG20044
b4477,EG20049
b3693,EG20051
b3691,EG20053
b2976,EG20080
b3608,EG20091
b0125,EG20098
b3350,EG20110
b2297,EG20173
b4323,EG20248
b4324,EG20249
b3566,EG20252
b3569,EG20253
b2675,EG20257
b3853,EG30008
b3276,EG30009
b0203,EG30010
b2397,EG30011
b2396,EG30012
b2691,EG30013
b0536,EG30014
b2694,EG30015
b2348,EG30016
b3796,EG30017
b2693,EG30018
b2692,EG30019
b1977,EG30020
b1986,EG30021
b1989,EG30022
b3760,EG30023
b0206,EG30024
b0216,EG30025
b0455,EG30027
b0670,EG30028
b0665,EG30029
b0668,EG30030
b0664,EG30031
b3969,EG30032
b3757,EG30033
b4008,EG30034
b2590,EG30035
b3978,EG30036
b2864,EG30037
b4163,EG30038
b1911,EG30039
b4164,EG30040
b4165,EG30041
b3797,EG30042
b3852,EG30043
b3277,EG30044
b0202,EG30045
b3069,EG30046
b4369,EG30047
b4370,EG30048
b3798,EG30049
b3174,EG30050
b4368,EG30051
b0672,EG30052
b4270,EG30053
b1909,EG30054
b0743,EG30055
b2404,EG30056
b0745,EG30057
b0673,EG30058
b0666,EG30059
b2816,EG30060
b3171,EG30061
b2814,EG30062
b4439,EG30063
b4134,EG30064
b2967,EG30065
b3545,EG30066
b2189,EG30067
b3799,EG30068
b3123,EG30069
b3855,EG30070
b3971,EG30071
b3759,EG30072
b3274,EG30073
b4010,EG30074
b2588,EG30075
b0205,EG30076
b3854,EG30077
b3970,EG30078
b3758,EG30079
b3275,EG30080
b4009,EG30081
b2589,EG30082
b0204,EG30083
b3851,EG30084
b3968,EG30085
b3756,EG30086
b3278,EG30087
b4007,EG30088
b2591,EG30089
b0201,EG30090
b3272,EG30091
b3658,EG30092
b0971,EG30093
b1975,EG30094
b2695,EG30095
b0883,EG30096
b1032,EG30097
b3864,EG30098
b2911,EG30099
b2621,EG30100
b3979,EG30101
b3976,EG30102
b3273,EG30103
b0244,EG30104
b3761,EG30105
b1231,EG30106
b3977,EG30107
b1230,EG30108
b0744,EG30109
b2401,EG30110
b1665,EG30111
b1666,EG30112
b2402,EG30113
b2403,EG30114
b1574,EG31115
b4458,EG31116
b2815,EG31117
b3186,EG50001
b3185,EG50002
b1094,EG50003
b0953,EG50004
b0578,EG50005
b2441,EG50006
b2440,EG50007
b4236,EG50008
b3517,EG50009
b0356,EG50010
b3177,EG50011
b4616,G0-10201
,G0-10202
b4565,G0-10241
b4520,G0-10261
b4516,G0-10430
b4503,G0-10431
b4504,G0-10432
b4505,G0-10433
b4506,G0-10434
b4509,G0-10435
b4510,G0-10436
b4511,G0-10437
b4512,G0-10438
b4513,G0-10439
b4514,G0-10440
b4515,G0-10441
b4518,G0-10443
b4521,G0-10444
b4524,G0-10445
b4525,G0-10446
b4527,G0-10448
b4528,G0-10449
b4529,G0-10450
b4532,G0-10451
b4533,G0-10452
b4535,G0-10453
b4536,G0-10454
b4537,G0-10455
b4538,G0-10456
b4541,G0-10458
b4542,G0-10459
b4544,G0-10460
b4545,G0-10461
b4546,G0-10462
b4547,G0-10463
b4548,G0-10464
b4550,G0-10465
b4551,G0-10466
b4553,G0-10467
b4554,G0-10468
b4555,G0-10469
b4557,G0-10470
b4558,G0-10471
b4559,G0-10472
b4566,G0-10473
b4567,G0-10474
b4568,G0-10475
b1017,G0-10495
b4502,G0-10511
b4522,G0-10512
b4523,G0-10513
b4562,G0-10515
,G0-10525
,G0-10528
,G0-10529
,G0-10530
,G0-10531
,G0-10535
,G0-10536
,G0-10537
,G0-10538
,G0-10539
,G0-10540
,G0-10541
,G0-10542
,G0-10543
,G0-10544
,G0-10545
,G0-10546
b0322,G0-10550
b4507,G0-10554
b4508,G0-10555
b4519,G0-10556
b4531,G0-10557
b4530,G0-10558
b4534,G0-10559
b4540,G0-10560
b4543,G0-10561
b4549,G0-10562
b4552,G0-10563
b4556,G0-10564
b4560,G0-10565
b4561,G0-10567
b4563,G0-10569
b4564,G0-10570
b4603,G0-10574
b4637,G0-10580
b4586,G0-10583
b4588,G0-10584
b4589,G0-10585
b4590,G0-10586
b4591,G0-10587
b4592,G0-10588
b4593,G0-10589
b4594,G0-10590
b4596,G0-10591
b4597,G0-10592
b4601,G0-10593
b4602,G0-10594
b4604,G0-10595
b4605,G0-10596
b4607,G0-10597
b4608,G0-10598
b4609,G0-10600
b4610,G0-10601
b4611,G0-10602
b4612,G0-10603
b4614,G0-10604
b4615,G0-10605
b4620,G0-10606
b4621,G0-10607
b4622,G0-10608
b4624,G0-10609
b4625,G0-10610
b4627,G0-10614
b4628,G0-10615
b4655,G0-10616
b4662,G0-10617
,G0-10624
b4666,G0-10629
b4664,G0-10630
b4665,G0-10631
b4668,G0-10632
b4667,G0-10633
b4687,G0-10634
b4669,G0-10641
b4670,G0-10642
b4678,G0-10643
b4677,G0-10644
b4673,G0-10645
b4674,G0-10646
b4680,G0-10647
b4675,G0-10648
b4676,G0-10649
b4683,G0-10650
b4685,G0-10651
b4679,G0-10652
b4663,G0-10653
b4671,G0-10654
b4682,G0-10655
b4684,G0-10656
b4686,G0-10657
b4698,G0-10671
b4699,G0-10677
b4631,G0-10682
,G0-10683
b4702,G0-10689
b4704,G0-10694
b4701,G0-10695
b4690,G0-10696
,G0-10697
,G0-10698
,G0-10699
,G0-10700
,G0-10701
,G0-10702
,G0-10703
,G0-10704
,G0-10705
,G0-10706
b4703,G0-10707
b4705,G0-10715
b4706,G0-10716
b4707,G0-10737
,G0-10738
b4712,G0-10751
b4713,G0-10752
b4714,G0-16600
,G0-16601
b4410,G0-41
b4467,G0-8601
b4408,G0-8785
,G0-8861
b4418,G0-8862
b4431,G0-8863
b4432,G0-8865
b4442,G0-8866
b4443,G0-8867
b4444,G0-8868
b4448,G0-8869
b4449,G0-8870
b4450,G0-8871
b4451,G0-8872
b4456,G0-8873
b4457,G0-8874
b4459,G0-8875
b4430,G0-8876
b4438,G0-8878
b4440,G0-8879
b4417,G0-8880
b4416,G0-8881
b4445,G0-8882
b4433,G0-8883
b4436,G0-8884
b4437,G0-8885
b4446,G0-8886
b4598,G0-8887
b4606,G0-8888
b4595,G0-8891
b4599,G0-8892
,G0-8893
,G0-8894
b4414,G0-8895
,G0-8896
,G0-8897
,G0-8898
b4426,G0-8899
,G0-8900
b4427,G0-8901
,G0-8902
,G0-8903
b4434,G0-8904
b4435,G0-8905
,G0-8906
,G0-8907
,G0-8908
b4441,G0-8910
,G0-8911
,G0-8912
b4447,G0-8913
b4452,G0-8914
b4453,G0-9041
b4454,G0-9042
b4526,G0-9081
b4539,G0-9121
,G0-9281
,G0-9381
b4585,G0-9382
,G0-9383
,G0-9384
,G0-9385
,G0-9387
b4691,G0-9388
b2320,G0-9461
b4487,G0-9541
b4409,G0-9561
b4411,G0-9562
b4412,G0-9563
b4413,G0-9581
b4415,G0-9582
b4419,G0-9602
b4420,G0-9603
b4421,G0-9605
b4422,G0-9606
b4423,G0-9607
b4424,G0-9608
b4425,G0-9609
b4428,G0-9610
b4429,G0-9611
b4455,G0-9613
b4501,G0-9621
b4517,G0-9662
b4577,G0-9941
b4617,G0-9961
b4618,G0-9962
b4613,G0-9981
b4407,G1
,G14
b0424,G198
b1292,G2000
b1293,G2001
b1294,G2002
,G26
b1072,G357
b1073,G358
b1074,G359
b3081,G36
b1075,G360
b1076,G361
b1077,G362
b1078,G363
b1079,G364
b1080,G365
b1081,G366
b1071,G369
b1879,G370
b4406,G372
b1941,G377
b1942,G378
b1943,G379
b3224,G436
b2901,G495
b0459,G58
b1380,G592
b0005,G6081
b0011,G6082
b0016,G6083
,G6084
b0021,G6085
b0022,G6086
b0024,G6087
b0034,G6088
,G6089
,G6090
,G6091
b0174,G6092
b0177,G6093
b0186,G6094
b0187,G6095
b0188,G6096
b0189,G6097
b0190,G6098
b0212,G6099
b0213,G6100
b0217,G6101
b0218,G6102
b0219,G6103
b0220,G6104
b0221,G6105
b0222,G6106
b0223,G6107
b0224,G6108
b0225,G6109
b0226,G6110
b0227,G6111
b0228,G6112
b0229,G6113
b0230,G6114
b0231,G6115
b0232,G6116
b0233,G6117
b0234,G6118
b0235,G6119
b0245,G6120
b0246,G6121
b0247,G6122
b0248,G6123
b0249,G6124
b0250,G6125
b0251,G6126
b0252,G6127
b0253,G6128
b0254,G6129
b0255,G6130
b0256,G6131
b0257,G6132
b0258,G6133
b0259,G6134
b0260,G6135
b0261,G6136
b0263,G6137
b0264,G6138
b0265,G6139
b0268,G6140
b0269,G6141
b0270,G6142
b0271,G6143
b0272,G6144
b0274,G6145
b0275,G6146
b0276,G6147
b0277,G6148
b0278,G6149
b0279,G6150
b0280,G6151
b0281,G6152
b0282,G6153
b0283,G6154
b0284,G6155
b0285,G6156
b0286,G6157
b0287,G6158
b0288,G6159
b0289,G6160
b0290,G6161
b0291,G6162
b0292,G6163
b0293,G6164
b0294,G6165
b0295,G6166
b0296,G6167
b0298,G6168
b0299,G6169
b0300,G6170
b0301,G6171
b0303,G6173
b0304,G6174
b0305,G6175
b0306,G6176
b0307,G6177
b0308,G6178
,G6179
b0310,G6180
b0316,G6181
b0317,G6182
b0318,G6183
b0319,G6184
b0320,G6185
b0321,G6186
b0323,G6188
b0324,G6189
b0325,G6190
b0326,G6191
b0327,G6192
b0328,G6193
b0329,G6194
b0330,G6195
b0331,G6196
b0333,G6198
b0334,G6199
b0335,G6200
b0346,G6201
b0352,G6205
b0353,G6206
b0354,G6207
b0355,G6208
b0357,G6209
b0358,G6210
b0359,G6211
b0360,G6212
b0361,G6213
b0362,G6214
b0363,G6215
b0364,G6216
b0365,G6217
b0366,G6218
b0367,G6219
b0370,G6221
b0371,G6222
b0372,G6223
b0373,G6224
b0374,G6225
b0375,G6226
b0378,G6227
b0379,G6228
b0380,G6229
b0387,G6230
b0392,G6231
b0402,G6233
b0417,G6234
b0419,G6236
b0420,G6237
b0423,G6238
b0425,G6239
b0426,G6240
b0427,G6241
b0441,G6242
b0442,G6243
b0443,G6244
b0444,G6245
b0446,G6246
b0447,G6247
b0448,G6248
b0453,G6250
b0454,G6251
b0457,G6252
b0458,G6253
b0465,G6255
b0479,G6256
b0482,G6258
b0483,G6259
b0484,G6260
b0485,G6261
b0486,G6262
b0487,G6263
b0488,G6264
b0489,G6265
b0490,G6266
b0491,G6267
b0492,G6268
b0493,G6269
b0496,G6270
b0499,G6271
,G6272
b0502,G6273
b0504,G6274
b0505,G6275
b0506,G6276
b0508,G6277
b0509,G6278
b0511,G6280
b0512,G6281
b0513,G6282
b0514,G6283
b0515,G6284
b0516,G6285
b0517,G6286
b0518,G6287
b0519,G6288
b0520,G6289
b0530,G6290
b0531,G6291
b0532,G6292
b0533,G6293
,G6294
b0539,G6295
b0540,G6296
b0541,G6297
b0542,G6298
b0544,G6300
b0545,G6301
b0546,G6302
b0547,G6303
b0548,G6304
b0549,G6305
b0550,G6306
b0551,G6307
b0552,G6308
b0554,G6309
b0555,G6310
b0556,G6311
b0557,G6312
b0558,G6313
b0559,G6314
b0561,G6315
b0562,G6316
b0563,G6317
b0570,G6318
b0571,G6319
b0572,G6320
b0573,G6321
b0574,G6322
b0577,G6323
b0579,G6324
b0580,G6325
b0581,G6326
b0582,G6327
b0600,G6329
b0601,G6330
b0602,G6331
b0603,G6332
b0604,G6333
b0607,G6334
b0608,G6335
,G6336
b0610,G6337
b0612,G6338
b0613,G6339
b0614,G6340
b0615,G6341
b0616,G6342
b0617,G6343
b0618,G6344
b0619,G6345
b0620,G6346
b0621,G6347
b0626,G6348
b0638,G6349
b0639,G6350
b0644,G6351
b0645,G6352
b0646,G6353
b0647,G6354
b0648,G6355
b0649,G6356
b0650,G6357
b0651,G6358
b0655,G6359
b0656,G6360
b0658,G6361
b0659,G6362
b0660,G6363
b0661,G6364
b0662,G6365
b0681,G6370
b0682,G6371
b0689,G6374
b0703,G6376
b0705,G6377
b0709,G6378
b0710,G6379
b0711,G6380
b0712,G6381
b0713,G6382
b0714,G6383
b0715,G6384
b0716,G6385
b0717,G6386
b0718,G6387
,G6388
b0746,G6389
b0747,G6390
b0748,G6391
b0749,G6392
b0752,G6393
b0753,G6394
b0761,G6395
b0762,G6396
b0767,G6397
b0768,G6398
b0769,G6399
b0770,G6400
b0771,G6401
b0780,G6402
b0786,G6403
b0787,G6404
b0788,G6405
b0789,G6406
b0790,G6407
b0791,G6408
b0792,G6409
b0793,G6410
b0794,G6411
b0795,G6412
b0804,G6413
b0805,G6414
b0806,G6415
b0807,G6416
b0808,G6417
b0815,G6418
b0816,G6419
b0817,G6420
b0818,G6421
b0819,G6422
b0820,G6423
b0821,G6424
b0822,G6425
b0823,G6426
b0824,G6427
b0825,G6428
b0829,G6429
b0830,G6430
b0831,G6431
b0832,G6432
b0833,G6433
b0834,G6434
b0835,G6435
b0836,G6436
b0837,G6437
b0838,G6438
b0841,G6439
b0842,G6440
b0843,G6441
b0844,G6442
b0845,G6443
b0846,G6444
b0847,G6445
b0848,G6446
b0853,G6447
b0858,G6448
b0859,G6449
b0865,G6450
b0866,G6451
b0867,G6452
b0868,G6453
b0869,G6454
b0870,G6455
b0872,G6456
b0873,G6457
b0874,G6458
b0876,G6459
b0877,G6460
b0878,G6461
b0879,G6462
b0881,G6463
b0890,G6464
b0891,G6465
b0899,G6466
b0900,G6467
b0905,G6468
b0906,G6469
b0909,G6470
b0916,G6471
b0917,G6472
b0919,G6473
b0926,G6474
b0927,G6475
b0934,G6476
b0935,G6477
b0936,G6478
b0937,G6479
b0938,G6480
b0939,G6481
b0940,G6482
b0941,G6483
b0942,G6484
b0943,G6485
b0946,G6486
b0947,G6487
b0948,G6488
b0949,G6489
b0950,G6490
b0951,G6491
b0952,G6492
b0955,G6493
b0959,G6494
b0960,G6495
b0961,G6496
b0963,G6497
b0964,G6498
b0965,G6499
b0966,G6500
b0967,G6501
b0968,G6502
b0982,G6503
b0983,G6504
b0984,G6505
b0985,G6506
b0986,G6507
b0987,G6508
b0988,G6509
b0989,G6510
b0990,G6511
b0991,G6512
b0992,G6513
b0993,G6514
b0994,G6515
b1005,G6516
b1006,G6517
b1007,G6518
b1008,G6519
b1009,G6520
b1010,G6521
b1011,G6522
b1012,G6523
b1016,G6525
b1018,G6527
b1021,G6528
b1022,G6529
b1023,G6530
b1024,G6531
b1025,G6532
b1026,G6533
b1027,G6534
b1028,G6535
b1029,G6536
b1033,G6539
b1034,G6540
b1035,G6541
b1036,G6542
b1037,G6543
b1038,G6544
b1039,G6545
b1040,G6546
b1041,G6547
b1043,G6548
b1044,G6549
b1045,G6550
b1046,G6551
b1047,G6552
,G6553
b1057,G6554
b1058,G6555
b1059,G6556
b1060,G6557
b1061,G6558
b1065,G6559
b1068,G6560
b1069,G6561
b1070,G6562
b1085,G6563
b1104,G6564
b1105,G6565
b1106,G6566
b1107,G6567
b1108,G6568
b1111,G6569
b1112,G6570
b1113,G6571
b1115,G6572
b1116,G6573
b1117,G6574
b1118,G6575
b1119,G6576
b1120,G6577
b1121,G6578
b1122,G6579
b1134,G6580
b1135,G6581
b1137,G6582
b1138,G6583
b1141,G6585
b1142,G6586
b1143,G6587
b1144,G6588
b1145,G6589
b1146,G6590
b1147,G6591
b1148,G6592
b1149,G6593
b1150,G6594
b1151,G6595
b1152,G6596
b1153,G6597
b1155,G6598
b1157,G6599
b1160,G6600
b1161,G6601
b1162,G6602
b1163,G6603
b1164,G6604
b1165,G6605
b1166,G6606
b1167,G6607
b1168,G6608
b1169,G6609
b1170,G6610
b1171,G6611
b1172,G6612
b1173,G6613
b1177,G6614
b1178,G6615
b1179,G6616
b1180,G6617
b1181,G6618
b1182,G6619
b1191,G6620
b1192,G6621
b1193,G6622
b1194,G6623
b1195,G6624
b1196,G6625
b1199,G6626
b1200,G6627
b1201,G6628
b1202,G6629
b1213,G6630
b1228,G6631
b1240,G6632
b1248,G6633
b1266,G6634
b1267,G6635
b1268,G6636
b1279,G6637
b1284,G6638
b1285,G6639
b1287,G6640
b1289,G6641
b1295,G6642
b1296,G6643
b1297,G6644
b1298,G6645
b1302,G6646
b1309,G6647
b1310,G6648
b1311,G6649
b1312,G6650
b1313,G6651
b1314,G6652
b1315,G6653
b1316,G6654
b1317,G6655
b1318,G6656
b1319,G6657
b1320,G6658
b1321,G6659
b1324,G6660
b1325,G6661
b1326,G6662
b1327,G6663
b1328,G6664
b1329,G6665
b1330,G6666
b1331,G6667
b1332,G6668
b1337,G6669
b1338,G6670
b1339,G6671
b1340,G6672
b1341,G6673
b1342,G6674
b1344,G6675
b1345,G6676
b1346,G6677
,G6678
b1355,G6679
b1356,G6680
b1357,G6681
b1358,G6682
b1359,G6683
b1360,G6684
b1361,G6685
b1362,G6686
,G6687
b1365,G6688
b1366,G6689
,G6690
b1368,G6691
b1369,G6692
b1370,G6693
b1371,G6694
b1372,G6695
b1373,G6696
b1374,G6697
b1375,G6698
b1376,G6699
b1377,G6700
b1378,G6701
b1379,G6702
b1381,G6703
b1382,G6704
b1383,G6705
b1384,G6706
b1387,G6708
b1388,G6709
b1389,G6710
b1390,G6711
b1391,G6712
b1392,G6713
b1393,G6714
b1394,G6715
b1395,G6716
b1396,G6717
b1397,G6718
b1398,G6719
b1399,G6720
b1400,G6721
b1401,G6722
b1402,G6723
b1403,G6724
b1404,G6725
b1408,G6727
b1409,G6728
b1410,G6729
b1411,G6730
b1412,G6731
b1413,G6732
b1420,G6736
b1422,G6737
b1423,G6738
,G6740
b1428,G6741
b1431,G6742
b1432,G6743
b1433,G6744
b1434,G6745
b1435,G6746
b1436,G6747
,G6748
b1438,G6749
b1439,G6750
b1440,G6751
b1441,G6752
b1442,G6753
b1443,G6754
b1444,G6755
b1445,G6756
b1446,G6757
b1447,G6758
b1448,G6759
b1449,G6760
b1450,G6761
b1451,G6762
b1452,G6763
b1453,G6764
b1454,G6765
b1455,G6766
b1458,G6767
b1459,G6768
b1462,G6769
b1463,G6770
b1470,G6771
b1471,G6772
b1472,G6773
b1477,G6774
b1478,G6775
b1481,G6776
b1483,G6777
b1484,G6778
b1485,G6779
b1486,G6780
b1487,G6781
b1488,G6782
b1489,G6783
b1490,G6784
b1491,G6785
b1492,G6786
b1497,G6787
b1498,G6788
b1499,G6789
b1500,G6790
b1501,G6791
b1502,G6792
b1503,G6793
b1504,G6794
b1505,G6795
b1506,G6796
b1509,G6797
b1511,G6798
b1512,G6799
b1513,G6800
b1514,G6801
b1515,G6802
b1516,G6803
b1517,G6804
b1518,G6805
b1519,G6806
b1520,G6807
b1522,G6808
b1523,G6809
b1524,G6810
b1525,G6811
b1526,G6812
b1527,G6813
b1540,G6814
b1541,G6815
b1542,G6816
b1543,G6817
b1544,G6818
b1545,G6819
b1546,G6820
b1547,G6821
b1549,G6822
b1550,G6823
b1551,G6824
b1552,G6825
b1553,G6826
b1554,G6827
b1555,G6828
b1556,G6829
b1559,G6830
b1560,G6831
b1565,G6832
b1566,G6833
b1567,G6834
b1568,G6835
b1578,G6836
b1579,G6837
b1580,G6838
b1581,G6839
b1582,G6840
b1583,G6841
b1584,G6842
b1585,G6843
b1586,G6844
b1587,G6845
b1588,G6846
b1589,G6847
b1590,G6848
b1591,G6849
b1592,G6850
b1593,G6851
b1594,G6852
b1595,G6853
b1596,G6854
b1597,G6855
b1598,G6856
b1599,G6857
b1600,G6858
b1601,G6859
b1604,G6860
b1605,G6861
b1606,G6862
b1607,G6863
b1608,G6864
b1614,G6865
b1615,G6866
b1618,G6867
b1624,G6868
b1625,G6869
b1626,G6870
b1627,G6871
b1628,G6872
b1629,G6873
b1630,G6874
b1631,G6875
b1632,G6876
b1634,G6877
b1635,G6878
b1636,G6879
b1640,G6880
b1641,G6881
b1642,G6882
b1643,G6883
b1644,G6884
b1645,G6885
b1646,G6886
b1647,G6887
b1648,G6888
b1649,G6889
b1650,G6890
b1651,G6891
b1655,G6892
b1657,G6893
b1664,G6894
b1667,G6895
b1668,G6896
b1669,G6897
b1670,G6898
b1671,G6899
b1672,G6900
b1673,G6901
b1674,G6902
b1675,G6903
b1678,G6904
b1679,G6905
b1680,G6906
b1681,G6907
b1682,G6908
b1683,G6909
b1685,G6911
b1686,G6912
b1687,G6913
b1688,G6914
b1689,G6915
b1690,G6916
b1691,G6917
b1695,G6918
b1696,G6919
b1697,G6920
b1698,G6921
b1699,G6922
b1700,G6923
b1706,G6924
b1707,G6925
b1720,G6926
b1721,G6927
b1722,G6928
b1724,G6929
b1725,G6930
b1726,G6931
b1727,G6932
b1728,G6933
b1729,G6934
b1730,G6935
b1731,G6936
b1741,G6937
b1742,G6938
b1743,G6939
b1744,G6940
b1745,G6941
b1746,G6942
b1747,G6943
b1748,G6944
b1750,G6945
b1751,G6946
b1752,G6947
b1753,G6948
b1754,G6949
b1755,G6950
b1756,G6951
b1757,G6952
b1758,G6953
b1759,G6954
b1760,G6955
b1762,G6956
b1770,G6957
b1771,G6958
b1772,G6959
b1773,G6960
b1774,G6961
b1775,G6962
b1776,G6963
b1777,G6964
b1780,G6966
b1781,G6967
b1782,G6968
b1783,G6969
b1784,G6970
b1785,G6971
b1786,G6972
b1787,G6973
b1788,G6974
b1789,G6975
b1790,G6976
b1791,G6977
b1792,G6978
b1793,G6979
b1794,G6980
b1795,G6981
b1796,G6982
b1797,G6983
b1798,G6984
b1799,G6985
b1800,G6986
b1801,G6987
b1802,G6988
b1803,G6989
b1806,G6990
b1807,G6991
b1808,G6992
b1809,G6993
b1810,G6994
b1811,G6995
b1815,G6996
b1816,G6997
b1820,G6998
b1821,G6999
b1824,G7000
b1825,G7001
b1826,G7002
b1827,G7003
b1828,G7004
b1832,G7005
b1833,G7006
b1834,G7007
b1835,G7008
b1836,G7009
b1837,G7010
b1838,G7011
b1839,G7012
b1840,G7013
b1841,G7014
b1843,G7015
b1844,G7016
b1857,G7017
b1858,G7018
b1869,G7019
b1870,G7020
b1871,G7021
b1872,G7022
b1873,G7023
b1874,G7024
b1875,G7025
b1877,G7026
b1878,G7027
b1880,G7028
b1893,G7029
b1894,G7030
b1895,G7031
b1902,G7033
,G7034
b1904,G7035
b1906,G7036
b1918,G7037
b1919,G7038
b1920,G7039
b1932,G7040
b1933,G7041
b1934,G7042
b1935,G7043
b1936,G7044
b1952,G7045
b1953,G7046
b1954,G7047
b1955,G7048
b1956,G7049
b1957,G7050
b1963,G7051
b1964,G7052
b1965,G7053
b1966,G7054
b1967,G7055
b1968,G7056
b1969,G7057
b1970,G7058
b1971,G7059
b1972,G7060
b1973,G7061
b1974,G7062
b1976,G7063
b1978,G7064
b1979,G7065
b1980,G7066
b1981,G7067
b1983,G7068
b1984,G7069
b1985,G7070
b1987,G7071
b1988,G7072
b1990,G7073
b1994,G7074
b1995,G7075
b1996,G7076
b1997,G7077
b1998,G7078
b1999,G7079
b2000,G7080
b2001,G7081
b2002,G7082
b2003,G7083
b2004,G7084
b2005,G7085
b2006,G7086
b2007,G7087
b2015,G7088
b2016,G7089
b2027,G7090
b2028,G7091
b2030,G7092
b2042,G7093
b2043,G7094
b2044,G7095
b2045,G7096
b2046,G7097
b2047,G7098
b2054,G7099
b2055,G7100
b2056,G7101
b2057,G7102
b2058,G7103
b2059,G7104
b2060,G7105
b2061,G7106
b2062,G7107
b2063,G7108
b2070,G7109
b2071,G7110
b2072,G7111
b2073,G7112
b2074,G7113
b2075,G7114
b2076,G7115
b2080,G7117
b2081,G7118
b2082,G7119
b2083,G7120
,G7121
b2085,G7122
b2086,G7123
b2088,G7125
b2089,G7126
b2095,G7128
b2097,G7129
b2098,G7130
b2099,G7131
b2100,G7132
b2101,G7133
b2102,G7134
b2103,G7135
b2105,G7137
b2106,G7138
b2107,G7139
b2145,G7144
b2146,G7145
b2174,G7146
b2175,G7147
b2176,G7148
,G7149
b2192,G7150
b2225,G7152
b2226,G7153
b2227,G7154
b2228,G7155
b2229,G7156
b2245,G7158
b2246,G7159
b2247,G7160
b2248,G7161
b2249,G7162
b2250,G7163
b2251,G7164
b2252,G7165
b2253,G7166
b2254,G7167
b2255,G7168
b2256,G7169
b2257,G7170
b2258,G7171
b2259,G7172
b2266,G7173
b2267,G7174
b2268,G7175
b2269,G7176
b2270,G7177
b2271,G7178
b2272,G7179
b2273,G7180
b2274,G7181
b2275,G7182
b2290,G7184
b2291,G7185
b2292,G7186
b2293,G7187
b2294,G7188
b2295,G7189
b2298,G7190
b2299,G7191
b2300,G7192
b2301,G7193
b2302,G7194
b2303,G7195
b2304,G7196
b2305,G7197
b2322,G7198
b2324,G7199
b2325,G7200
b2326,G7201
b2331,G7202
b2332,G7203
b2333,G7204
b2334,G7205
b2335,G7206
b2336,G7207
b2337,G7208
b2338,G7209
b2339,G7210
b2340,G7211
b2341,G7212
b2342,G7213
b2343,G7214
b2345,G7215
b2346,G7216
b2347,G7217
b2349,G7218
b2350,G7219
b2351,G7220
b2352,G7221
b2353,G7222
b2354,G7223
b2355,G7224
b2356,G7225
b2357,G7226
b2358,G7227
b2359,G7228
b2360,G7229
b2361,G7230
b2362,G7231
b2363,G7232
b2368,G7233
b2371,G7234
b2372,G7235
b2373,G7236
b2374,G7237
b2375,G7238
b2376,G7239
b2377,G7240
b2378,G7241
b2379,G7242
b2380,G7243
b2381,G7244
b2382,G7245
b2383,G7246
b2384,G7247
b2385,G7248
b2386,G7249
b2387,G7250
b2389,G7251
b2390,G7252
b2392,G7254
b2394,G7255
b2408,G7256
b2409,G7257
b2412,G7258
b2418,G7259
b2419,G7260
b2420,G7261
b2427,G7262
b2428,G7263
b2429,G7264
b2430,G7265
b2431,G7266
b2432,G7267
b2433,G7268
b2434,G7269
b2438,G7270
b2439,G7271
b2442,G7272
b2443,G7273
b2444,G7274
b2445,G7275
b2446,G7276
b2447,G7277
b2448,G7278
b2449,G7279
b2450,G7280
b2451,G7281
b2452,G7282
b2453,G7283
b2454,G7284
b2455,G7285
b2456,G7286
b2457,G7287
b2458,G7288
b2459,G7289
b2460,G7290
b2461,G7291
b2462,G7292
b2463,G7293
b2466,G7295
b2473,G7296
b2474,G7297
b2475,G7298
b2483,G7300
b2484,G7301
b2485,G7302
b2486,G7303
b2487,G7304
b2488,G7305
b2489,G7306
b2490,G7307
b2491,G7308
b2492,G7309
b2493,G7310
b2494,G7311
b2495,G7312
b2496,G7313
b2503,G7314
b2504,G7315
b2505,G7316
b2506,G7317
b2510,G7318
b2511,G7319
b2512,G7320
b2513,G7321
b2519,G7322
b2520,G7323
b2529,G7324
b2530,G7325
b2531,G7326
b2532,G7327
b2534,G7328
b2535,G7329
b2536,G7330
b2537,G7331
b2540,G7334
b2541,G7335
b2542,G7336
b2543,G7337
b2544,G7338
b2545,G7339
b2546,G7340
b2547,G7341
b2548,G7342
b2549,G7343
b2550,G7344
b2556,G7345
b2562,G7346
b2570,G7347
b2571,G7348
b2583,G7349
b2584,G7350
b2595,G7352
,G7353
b2603,G7354
b2611,G7355
b2618,G7357
b2619,G7358
b2623,G7359
b2625,G7360
b2626,G7361
b2627,G7362
b2628,G7363
b2629,G7364
b2630,G7365
b2631,G7366
b2632,G7367
b2633,G7368
b2634,G7369
b2635,G7370
b2636,G7371
b2637,G7372
b2638,G7373
b2639,G7374
b2640,G7375
b2641,G7376
b2642,G7377
b2643,G7378
b2644,G7379
b2645,G7380
b2646,G7381
b2647,G7382
b2648,G7383
b2649,G7384
b2650,G7385
,G7386
b2652,G7387
,G7388
b2654,G7389
b4462,G7391
b2657,G7392
b2658,G7393
b2659,G7394
b2665,G7395
b2666,G7396
b2667,G7397
b2668,G7398
b2670,G7399
b2672,G7400
b2673,G7401
b2674,G7402
b2680,G7403
b2681,G7404
b2682,G7405
b2683,G7406
b2689,G7407
b2690,G7408
b2700,G7409
b2701,G7410
b2710,G7413
b2717,G7414
b2734,G7415
b2735,G7416
b2736,G7417
b2737,G7418
b2738,G7419
b2739,G7420
b2740,G7421
b2745,G7422
b2747,G7423
b2748,G7424
b2755,G7425
b2756,G7426
b2757,G7427
b2758,G7428
b2759,G7429
b2760,G7430
b2765,G7431
b2766,G7432
b2767,G7433
b2768,G7434
b2769,G7435
b2770,G7436
b2771,G7437
b4463,G7439
b2774,G7440
b2776,G7442
b2777,G7443
b2778,G7444
b2787,G7445
b2788,G7446
b2789,G7447
b2790,G7448
b2791,G7449
b2792,G7450
b2793,G7451
b2794,G7452
b2809,G7453
b2810,G7454
b2811,G7455
b2812,G7456
b2813,G7457
b2817,G7458
b2830,G7459
b2832,G7460
b2833,G7461
b2834,G7462
b2843,G7463
b2844,G7464
b2845,G7465
b2846,G7466
b2847,G7467
b2848,G7468
b2849,G7469
b2850,G7470
b2851,G7471
b2852,G7472
b2853,G7473
b2854,G7474
b2855,G7475
b2856,G7476
b2857,G7477
b2858,G7478
b2859,G7479
b2860,G7480
b2861,G7481
b2862,G7482
b2863,G7483
b2865,G7484
b2866,G7485
b2867,G7486
b2868,G7487
b2869,G7488
b2870,G7489
b2871,G7490
b2872,G7491
b2873,G7492
b2874,G7493
b2875,G7494
b2876,G7495
b2877,G7496
b2878,G7497
b2879,G7498
b2880,G7499
b2881,G7500
b2882,G7501
b2883,G7502
b4464,G7503
b2886,G7505
b2887,G7506
b2888,G7507
b2889,G7508
b2896,G7509
b2897,G7510
b2898,G7511
b2899,G7512
b2900,G7513
b2902,G7514
b2915,G7515
b2919,G7516
b2920,G7517
b2921,G7518
b4465,G7520
b2939,G7521
b2940,G7522
b2941,G7523
b2948,G7524
b2949,G7525
b2950,G7526
b2951,G7527
b2952,G7528
b2953,G7529
b2954,G7530
b2955,G7531
b2962,G7532
b2963,G7533
b2966,G7534
b2968,G7535
b2969,G7536
b2970,G7537
b2971,G7538
b2972,G7539
b4466,G7541
b2975,G7542
b2977,G7543
b4468,G7544
b2979,G7545
b2980,G7546
b2981,G7547
b2982,G7548
b2983,G7549
b2984,G7550
b2985,G7551
b2986,G7552
b2989,G7553
b2997,G7554
b2998,G7555
b2999,G7556
b3000,G7557
b3001,G7558
b3002,G7559
,G7561
,G7562
b3010,G7563
b3011,G7564
b3012,G7565
b3013,G7566
b3014,G7567
b4469,G7568
b3020,G7570
b3021,G7571
b3022,G7572
b3023,G7573
b3024,G7574
b3025,G7575
b3027,G7577
b3031,G7578
b3032,G7579
b3033,G7580
b3042,G7582
b3044,G7583
b3045,G7584
b3046,G7585
b3047,G7586
b3048,G7587
b3050,G7588
b3051,G7589
b3052,G7590
b3070,G7593
b3071,G7594
b3072,G7595
b3073,G7596
b3074,G7597
b3079,G7598
b3080,G7599
b3082,G7601
b3083,G7602
b3084,G7603
b3085,G7604
b3086,G7605
b3087,G7606
b3088,G7607
b3090,G7608
b3095,G7609
b3096,G7610
b3097,G7611
b3098,G7612
b3099,G7613
b3100,G7614
b3101,G7615
b3102,G7616
b3103,G7617
b3104,G7618
b3105,G7619
b3106,G7620
b3107,G7621
b4470,G7622
b4471,G7624
b3113,G7626
b3114,G7627
b3130,G7629
b3131,G7630
b3132,G7631
b3133,G7632
b3134,G7633
b3136,G7634
b3140,G7635
b3141,G7636
b3142,G7637
b3143,G7638
b3144,G7639
b3145,G7640
b3146,G7641
b3147,G7642
b3148,G7643
b3150,G7644
b3151,G7645
b3152,G7646
b3153,G7647
b3154,G7648
b3155,G7649
b3156,G7650
b3157,G7651
b3158,G7652
b3159,G7653
b3160,G7654
b3173,G7655
b3183,G7656
b3190,G7657
b3191,G7658
b3192,G7659
b3197,G7662
b3198,G7663
b3199,G7664
b3200,G7665
b3207,G7667
b3208,G7668
b3211,G7669
b3216,G7670
b3217,G7671
b3218,G7672
b3219,G7673
b3220,G7674
b3221,G7675
b3222,G7676
b3223,G7677
b3226,G7678
b3227,G7679
b3232,G7680
b3233,G7681
b3234,G7682
b3238,G7683
b3239,G7684
b3240,G7685
b3241,G7686
b3242,G7687
b3243,G7688
b3244,G7689
b4472,G7690
,G7692
b3257,G7693
b3263,G7694
b3267,G7695
b3279,G7696
b3280,G7697
b3282,G7698
b3283,G7699
b3323,G7701
b3324,G7702
b3325,G7703
b3326,G7704
b3327,G7705
b3328,G7706
b3329,G7707
b3330,G7708
b3331,G7709
b3332,G7710
b3333,G7711
b3343,G7712
b3344,G7713
b3345,G7714
b3346,G7715
b3347,G7716
b3351,G7717
b3353,G7718
b3354,G7719
b3358,G7721
b3369,G7722
b3371,G7723
b4474,G7724
b3374,G7726
b3375,G7727
b3376,G7728
b3377,G7729
b3378,G7730
b3379,G7731
b3380,G7732
b3381,G7733
b3382,G7734
b3383,G7735
b3392,G7736
b3393,G7737
b3394,G7738
b3395,G7739
b3397,G7740
b3398,G7741
b3399,G7742
b3400,G7743
b3401,G7744
b3402,G7745
b3407,G7746
b3413,G7747
b3414,G7748
b4475,G7750
b3421,G7751
b3427,G7752
b3434,G7753
b3439,G7756
b3440,G7757
b3441,G7758
b3442,G7759
b3443,G7760
b3444,G7761
b3445,G7762
b3446,G7763
b3472,G7767
b3505,G7769
b3557,G7776
b3558,G7777
b4479,G7789
b3776,G7797
b3777,G7798
b4481,G7800
b3808,G7802
b3830,G7804
b3836,G7806
b3838,G7808
b3875,G7814
b4484,G7816
,G7818
b4089,G7821
b4103,G7822
b4110,G7823
b4121,G7825
b4124,G7826
b4125,G7827
b4126,G7828
b4127,G7829
b4128,G7830
b4140,G7832
b4141,G7833
b4144,G7834
b4145,G7835
b4146,G7836
b4149,G7837
b4157,G7838
b4158,G7839
b4159,G7840
b4161,G7841
b4162,G7842
b4166,G7843
b4176,G7844
b4180,G7845
b4181,G7846
b4182,G7847
b4183,G7848
b4184,G7849
b4185,G7850
b4188,G7851
b4189,G7852
b4190,G7853
b4191,G7854
b4192,G7855
b4193,G7856
b4196,G7858
b4197,G7859
b4198,G7860
b4199,G7861
b4204,G7862
b4205,G7863
b4206,G7864
b4207,G7865
b4209,G7866
b4210,G7867
b4211,G7868
b4212,G7869
b4215,G7870
b4216,G7871
b4217,G7872
b4218,G7873
b4220,G7874
b4221,G7875
b4222,G7876
b4243,G7877
b4247,G7878
b4248,G7879
b4249,G7880
,G7881
b4251,G7882
b4252,G7883
b4253,G7884
b4255,G7885
b4256,G7886
b4257,G7887
b4261,G7888
b4262,G7889
b4263,G7890
b4264,G7891
b4266,G7892
b4267,G7893
b4272,G7894
b4273,G7895
b4274,G7896
b4275,G7897
b4276,G7898
b4277,G7899
b4278,G7900
b4280,G7901
b4281,G7902
b4282,G7903
b4283,G7904
b4284,G7905
b4285,G7906
b4286,G7907
b4294,G7908
b4295,G7909
b4297,G7910
b4298,G7911
b4299,G7912
b4300,G7913
b4301,G7914
b4303,G7915
b4306,G7916
b4307,G7917
b4308,G7918
b4309,G7919
b4310,G7920
b4311,G7921
b4325,G7922
b4326,G7923
b4327,G7924
b4328,G7925
b4329,G7926
b4330,G7927
b4331,G7928
b4332,G7929
b4333,G7930
b4334,G7931
b4335,G7932
b4336,G7933
b4338,G7934
b4339,G7935
b4340,G7936
b4341,G7937
b4342,G7938
b4347,G7940
b4353,G7941
b4354,G7942
b4357,G7944
b4358,G7945
b4364,G7946
b4365,G7947
b4366,G7948
b4367,G7949
b4371,G7950
b4377,G7951
b4378,G7952
b4379,G7953
b4402,G7954
b1385,G7961
b2169,G7990
b1910,G7991
b3092,G81
b4237,G812
b0013,G8202
b0701,G8203
b1405,G8204
b1417,G8205
b2087,G8207
b2116,G8208
b2117,G8209
b2702,G8210
b3767,G8221
b2407,G85
b4478,GB4478
b3386,M004
b2104,M007
b2538,M009
b0347,M010
b0348,M011
b0349,M012
b0350,M013
b0351,M014
b2539,M015
b1861,RUVA
b1860,RUVB
